{"5104005": {"24": {"1": 439, "0": 471, "3": 17, "2": 11, "5": 0, "4": 4, "6": 0}, "20": {"1": 296, "0": 471, "3": 175, "2": 0, "5": 0, "4": 0, "6": 0}, "21": {"1": 297, "0": 471, "3": 86, "2": 14, "5": 0, "4": 0, "6": 74}, "22": {"1": "0.4373673036", "0": "0.2866242038", "3": "0.6857749469", "2": "0.1401273885", "5": "0.0021231423", "4": "0.0148619958", "6": 0}, "23": {"1": 8, "0": 471, "3": 40, "2": 422, "5": 0, "4": 1, "6": 0}, "1": {"1": 4, "0": 1747, "3": 3, "2": 0, "5": 0, "4": 1740, "7": 0, "6": 0, "9": 0, "8": 0}, "0": {"0": 1747}, "3": {"11": 1, "10": 2, "12": 0, "1": 471, "0": 1747, "3": 796, "2": 307, "5": 73, "4": 21, "7": 44, "6": 31, "9": 0, "8": 1}, "2": {"1": 4, "0": 1747, "3": 1741, "2": 2, "5": 0, "4": 0, "6": 0}, "5": {"1": 857, "0": 1747, "3": 1, "2": 776, "5": 14, "4": 84, "7": 8, "6": 7, "8": 0}, "4": {"1": 881, "0": 1747, "2": 866}, "7": {"1": 595, "0": 596, "3": 0, "2": 1}, "6": {"10": 1, "1": 428, "0": 1747, "3": 228, "2": 400, "5": 203, "4": 202, "7": 87, "6": 155, "9": 4, "8": 39}, "9": {"1": 357, "0": 470, "3": 32, "2": 81, "4": 0}, "8": {"1": 470, "0": 595, "2": 125}, "11": {"1": 343, "0": 470, "3": 0, "2": 28, "5": 36, "4": 0, "7": 33, "6": 30, "8": 0}, "10": {"1": 320, "0": 470, "3": 76, "2": 32, "5": 0, "4": 0, "7": 0, "6": 0, "9": 42, "8": 0}, "13": {"1": 343, "0": 470, "3": 2, "2": 29, "5": 31, "4": 2, "7": 0, "6": 63}, "12": {"1": 391, "0": 470, "3": 30, "2": 0, "5": 35, "4": 0, "7": 0, "6": 14}, "15": {"1": 469, "0": 470, "3": 0, "2": 1, "5": 0, "4": 0}, "14": {"10": 3, "1": 55, "0": 470, "3": 104, "2": 76, "5": 73, "4": 86, "7": 17, "6": 43, "9": 2, "8": 11}, "17": {"11": 6, "10": 13, "12": 0, "1": 17, "0": 470, "3": 32, "2": 26, "5": 39, "4": 26, "7": 80, "6": 52, "9": 50, "8": 129}, "16": {"10": 0, "1": 153, "0": 470, "3": 115, "2": 86, "5": 17, "4": 93, "7": 0, "6": 5, "9": 0, "8": 1}, "19": {"1": 443, "0": 471, "3": 17, "2": 8, "5": 0, "4": 3, "6": 0}, "18": {"11": 0, "10": 1, "13": 2, "12": 4, "1": 212, "0": 471, "3": 3, "2": 244, "5": 0, "4": 0, "7": 0, "6": 0, "9": 0, "8": 5}}, "5104035": {"24": {"1": 1092, "0": 1221, "3": 44, "2": 42, "5": 0, "4": 40, "6": 3}, "20": {"1": 1060, "0": 1221, "3": 161, "2": 0, "5": 0, "4": 0, "6": 0}, "21": {"1": 1210, "0": 1221, "3": 2, "2": 4, "5": 0, "4": 4, "6": 1}, "22": {"1": "0.6846846847", "0": "0.5307125307", "3": "0.7780507781", "2": "0.1212121212", "5": "0.0106470106", "4": "0.0565110565", "6": "0.0040950041"}, "23": {"1": 1166, "0": 1221, "3": 22, "2": 33, "5": 0, "4": 0, "6": 0}, "1": {"1": 18, "0": 4540, "3": 5, "2": 6, "5": 1, "4": 4510, "7": 0, "6": 0, "9": 0, "8": 0}, "0": {"0": 4540}, "3": {"11": 3, "10": 27, "12": 0, "1": 1221, "0": 4540, "3": 1949, "2": 895, "5": 148, "4": 29, "7": 175, "6": 93, "9": 0, "8": 0}, "2": {"1": 17, "0": 4540, "3": 4509, "2": 11, "5": 0, "4": 3, "6": 0}, "5": {"1": 2168, "0": 4540, "3": 14, "2": 2075, "5": 23, "4": 181, "7": 31, "6": 48, "8": 0}, "4": {"1": 2193, "0": 4540, "2": 2347}, "7": {"1": 1335, "0": 1338, "3": 0, "2": 3}, "6": {"10": 3, "1": 1192, "0": 4540, "3": 663, "2": 884, "5": 519, "4": 721, "7": 162, "6": 327, "9": 7, "8": 62}, "9": {"1": 1118, "0": 1219, "3": 20, "2": 81, "4": 0}, "8": {"1": 1219, "0": 1335, "2": 116}, "11": {"1": 1151, "0": 1219, "3": 0, "2": 7, "5": 2, "4": 0, "7": 31, "6": 28, "8": 0}, "10": {"1": 1198, "0": 1219, "3": 0, "2": 9, "5": 0, "4": 0, "7": 1, "6": 0, "9": 11, "8": 0}, "13": {"1": 1097, "0": 1219, "3": 16, "2": 21, "5": 23, "4": 5, "7": 1, "6": 56}, "12": {"1": 1163, "0": 1219, "3": 6, "2": 9, "5": 34, "4": 0, "7": 1, "6": 6}, "15": {"1": 1217, "0": 1219, "3": 0, "2": 2, "5": 0, "4": 0}, "14": {"10": 4, "1": 75, "0": 1219, "3": 263, "2": 222, "5": 213, "4": 302, "7": 29, "6": 98, "9": 4, "8": 9}, "17": {"11": 144, "10": 170, "12": 59, "1": 82, "0": 1219, "3": 56, "2": 70, "5": 53, "4": 58, "7": 97, "6": 57, "9": 167, "8": 206}, "16": {"10": 8, "1": 152, "0": 1219, "3": 270, "2": 91, "5": 166, "4": 480, "7": 15, "6": 32, "9": 0, "8": 5}, "19": {"1": 734, "0": 1221, "3": 330, "2": 101, "5": 42, "4": 14, "6": 0}, "18": {"11": 0, "10": 0, "13": 7, "12": 0, "1": 892, "0": 1221, "3": 3, "2": 116, "5": 4, "4": 5, "7": 0, "6": 1, "9": 1, "8": 192}}, "5104025": {"24": {"1": 649, "0": 703, "3": 18, "2": 9, "5": 0, "4": 27, "6": 0}, "20": {"1": 635, "0": 703, "3": 68, "2": 0, "5": 0, "4": 0, "6": 0}, "21": {"1": 688, "0": 703, "3": 13, "2": 1, "5": 0, "4": 1, "6": 0}, "22": {"1": "0.6145092461", "0": "0.5689900427", "3": "0.7780938834", "2": "0.2716927454", "5": "0.0199146515", "4": "0.106685633", "6": "0.0014224751"}, "23": {"1": 613, "0": 703, "3": 20, "2": 52, "5": 16, "4": 2, "6": 0}, "1": {"1": 1, "0": 2724, "3": 0, "2": 0, "5": 0, "4": 2723, "7": 0, "6": 0, "9": 0, "8": 0}, "0": {"0": 2724}, "3": {"11": 0, "10": 14, "12": 0, "1": 703, "0": 2724, "3": 1265, "2": 581, "5": 27, "4": 18, "7": 57, "6": 59, "9": 0, "8": 0}, "2": {"1": 0, "0": 2724, "3": 2724, "2": 0, "5": 0, "4": 0, "6": 0}, "5": {"1": 1298, "0": 2724, "3": 4, "2": 1289, "5": 18, "4": 101, "7": 6, "6": 8, "8": 0}, "4": {"1": 1325, "0": 2724, "2": 1399}, "7": {"1": 780, "0": 781, "3": 0, "2": 1}, "6": {"10": 3, "1": 659, "0": 2724, "3": 399, "2": 509, "5": 361, "4": 428, "7": 114, "6": 199, "9": 10, "8": 42}, "9": {"1": 664, "0": 703, "3": 10, "2": 29, "4": 0}, "8": {"1": 703, "0": 780, "2": 77}, "11": {"1": 666, "0": 703, "3": 0, "2": 7, "5": 1, "4": 0, "7": 15, "6": 14, "8": 0}, "10": {"1": 650, "0": 703, "3": 7, "2": 19, "5": 0, "4": 0, "7": 0, "6": 0, "9": 27, "8": 0}, "13": {"1": 635, "0": 703, "3": 10, "2": 22, "5": 9, "4": 1, "7": 0, "6": 26}, "12": {"1": 683, "0": 703, "3": 2, "2": 5, "5": 10, "4": 0, "7": 1, "6": 2}, "15": {"1": 703, "0": 703, "3": 0, "2": 0, "5": 0, "4": 0}, "14": {"10": 2, "1": 39, "0": 703, "3": 151, "2": 99, "5": 157, "4": 174, "7": 17, "6": 53, "9": 6, "8": 5}, "17": {"11": 95, "10": 97, "12": 80, "1": 25, "0": 703, "3": 21, "2": 35, "5": 29, "4": 21, "7": 36, "6": 31, "9": 94, "8": 139}, "16": {"10": 2, "1": 75, "0": 703, "3": 119, "2": 81, "5": 119, "4": 267, "7": 5, "6": 31, "9": 2, "8": 2}, "19": {"1": 339, "0": 703, "3": 298, "2": 44, "5": 12, "4": 9, "6": 1}, "18": {"11": 0, "10": 0, "13": 0, "12": 0, "1": 496, "0": 703, "3": 1, "2": 57, "5": 0, "4": 1, "7": 0, "6": 0, "9": 1, "8": 147}}, "5104030": {"24": {"1": 693, "0": 795, "3": 33, "2": 9, "5": 0, "4": 59, "6": 1}, "20": {"1": 722, "0": 795, "3": 73, "2": 0, "5": 0, "4": 0, "6": 0}, "21": {"1": 682, "0": 795, "3": 113, "2": 0, "5": 0, "4": 0, "6": 0}, "22": {"1": "0.6465408805", "0": "0.4691823899", "3": "0.8062893082", "2": "0.0767295597", "5": "0.0100628931", "4": "0.0389937107", "6": "0.0025157233"}, "23": {"1": 725, "0": 795, "3": 25, "2": 45, "5": 0, "4": 0, "6": 0}, "1": {"1": 5, "0": 2997, "3": 3, "2": 0, "5": 0, "4": 2989, "7": 0, "6": 0, "9": 0, "8": 0}, "0": {"0": 2997}, "3": {"11": 0, "10": 5, "12": 0, "1": 795, "0": 2997, "3": 1351, "2": 598, "5": 83, "4": 24, "7": 74, "6": 67, "9": 0, "8": 0}, "2": {"1": 2, "0": 2997, "3": 2989, "2": 2, "5": 0, "4": 4, "6": 0}, "5": {"1": 1436, "0": 2997, "3": 66, "2": 1320, "5": 24, "4": 124, "7": 11, "6": 16, "8": 0}, "4": {"1": 1479, "0": 2997, "2": 1518}, "7": {"1": 867, "0": 867, "3": 0, "2": 0}, "6": {"10": 3, "1": 772, "0": 2997, "3": 407, "2": 583, "5": 355, "4": 487, "7": 116, "6": 217, "9": 5, "8": 52}, "9": {"1": 742, "0": 794, "3": 8, "2": 44, "4": 0}, "8": {"1": 794, "0": 867, "2": 73}, "11": {"1": 757, "0": 794, "3": 0, "2": 6, "5": 0, "4": 0, "7": 22, "6": 9, "8": 0}, "10": {"1": 763, "0": 794, "3": 0, "2": 4, "5": 0, "4": 0, "7": 0, "6": 0, "9": 27, "8": 0}, "13": {"1": 731, "0": 794, "3": 3, "2": 15, "5": 23, "4": 2, "7": 0, "6": 20}, "12": {"1": 776, "0": 794, "3": 6, "2": 2, "5": 9, "4": 0, "7": 0, "6": 1}, "15": {"1": 793, "0": 794, "3": 0, "2": 1, "5": 0, "4": 0}, "14": {"10": 1, "1": 39, "0": 794, "3": 190, "2": 139, "5": 137, "4": 186, "7": 26, "6": 62, "9": 5, "8": 9}, "17": {"11": 119, "10": 176, "12": 39, "1": 24, "0": 794, "3": 30, "2": 24, "5": 21, "4": 31,