{"4418005": {"24": {"1": 99, "0": 122, "3": 0, "2": 0, "5": 22, "4": 1, "6": 0}, "20": {"1": 0, "0": 122, "3": 118, "2": 0, "5": 0, "4": 4, "6": 0}, "21": {"1": 0, "0": 122, "3": 0, "2": 0, "5": 0, "4": 122, "6": 0}, "22": {"1": "0.0081967213", "0": "0.0737704918", "3": "0.3606557377", "2": "0.0655737705", "5": 0, "4": 0, "6": 0}, "23": {"1": 0, "0": 122, "3": 14, "2": 104, "5": 0, "4": 4, "6": 0}, "1": {"1": 276, "0": 277, "3": 0, "2": 1, "5": 0, "4": 0, "7": 0, "6": 0, "9": 0, "8": 0}, "0": {"0": 277}, "3": {"11": 0, "10": 7, "12": 0, "1": 122, "0": 277, "3": 66, "2": 74, "5": 5, "4": 1, "7": 1, "6": 1, "9": 0, "8": 0}, "2": {"1": 261, "0": 277, "3": 1, "2": 0, "5": 5, "4": 10, "6": 0}, "5": {"1": 73, "0": 277, "3": 14, "2": 164, "5": 0, "4": 21, "7": 3, "6": 2, "8": 0}, "4": {"1": 137, "0": 277, "2": 140}, "7": {"1": 162, "0": 167, "3": 0, "2": 5}, "6": {"10": 0, "1": 42, "0": 277, "3": 35, "2": 29, "5": 51, "4": 35, "7": 23, "6": 58, "9": 0, "8": 4}, "9": {"1": 0, "0": 122, "3": 10, "2": 112, "4": 0}, "8": {"1": 122, "0": 162, "2": 40}, "11": {"1": 2, "0": 122, "3": 0, "2": 0, "5": 53, "4": 8, "7": 5, "6": 5, "8": 49}, "10": {"1": 71, "0": 122, "3": 0, "2": 0, "5": 0, "4": 0, "7": 0, "6": 0, "9": 51, "8": 0}, "13": {"1": 0, "0": 122, "3": 0, "2": 1, "5": 46, "4": 0, "7": 15, "6": 60}, "12": {"1": 13, "0": 122, "3": 92, "2": 0, "5": 17, "4": 0, "7": 0, "6": 0}, "15": {"1": 122, "0": 122, "3": 0, "2": 0, "5": 0, "4": 0}, "14": {"10": 0, "1": 41, "0": 122, "3": 25, "2": 37, "5": 4, "4": 14, "7": 0, "6": 1, "9": 0, "8": 0}, "17": {"11": 0, "10": 0, "12": 0, "1": 122, "0": 122, "3": 0, "2": 0, "5": 0, "4": 0, "7": 0, "6": 0, "9": 0, "8": 0}, "16": {"10": 0, "1": 112, "0": 122, "3": 1, "2": 8, "5": 0, "4": 1, "7": 0, "6": 0, "9": 0, "8": 0}, "19": {"1": 121, "0": 122, "3": 0, "2": 1, "5": 0, "4": 0, "6": 0}, "18": {"11": 0, "10": 0, "13": 0, "12": 0, "1": 4, "0": 122, "3": 22, "2": 49, "5": 0, "4": 0, "7": 0, "6": 0, "9": 46, "8": 1}}, "4418015": {"24": {"1": 389, "0": 442, "3": 3, "2": 9, "5": 24, "4": 15, "6": 2}, "20": {"1": 323, "0": 442, "3": 119, "2": 0, "5": 0, "4": 0, "6": 0}, "21": {"1": 295, "0": 442, "3": 4, "2": 1, "5": 0, "4": 134, "6": 8}, "22": {"1": "0.5904977376", "0": "0.3687782805", "3": "0.3891402715", "2": "0.5180995475", "5": 0, "4": "0.0180995475", "6": 0}, "23": {"1": 2, "0": 442, "3": 61, "2": 367, "5": 0, "4": 12, "6": 0}, "1": {"1": 1330, "0": 1335, "3": 0, "2": 3, "5": 0, "4": 0, "7": 0, "6": 0, "9": 1, "8": 1}, "0": {"0": 1335}, "3": {"11": 1, "10": 2, "12": 0, "1": 442, "0": 1335, "3": 472, "2": 274, "5": 61, "4": 30, "7": 31, "6": 22, "9": 0, "8": 0}, "2": {"1": 1327, "0": 1335, "3": 1, "2": 4, "5": 1, "4": 2, "6": 0}, "5": {"1": 524, "0": 1335, "3": 48, "2": 627, "5": 0, "4": 103, "7": 31, "6": 2, "8": 0}, "4": {"1": 629, "0": 1335, "2": 706}, "7": {"1": 524, "0": 525, "3": 0, "2": 1}, "6": {"10": 0, "1": 265, "0": 1335, "3": 237, "2": 199, "5": 171, "4": 218, "7": 76, "6": 146, "9": 8, "8": 15}, "9": {"1": 331, "0": 441, "3": 4, "2": 106, "4": 0}, "8": {"1": 441, "0": 524, "2": 83}, "11": {"1": 399, "0": 441, "3": 0, "2": 2, "5": 21, "4": 14, "7": 5, "6": 0, "8": 0}, "10": {"1": 420, "0": 441, "3": 0, "2": 0, "5": 0, "4": 0, "7": 0, "6": 0, "9": 21, "8": 0}, "13": {"1": 246, "0": 441, "3": 0, "2": 100, "5": 41, "4": 37, "7": 0, "6": 17}, "12": {"1": 342, "0": 441, "3": 86, "2": 0, "5": 0, "4": 0, "7": 0, "6": 13}, "15": {"1": 440, "0": 441, "3": 0, "2": 1, "5": 0, "4": 0}, "14": {"10": 0, "1": 60, "0": 441, "3": 117, "2": 110, "5": 43, "4": 91, "7": 4, "6": 16, "9": 0, "8": 0}, "17": {"11": 145, "10": 45, "12": 0, "1": 31, "0": 441, "3": 31, "2": 40, "5": 23, "4": 31, "7": 7, "6": 4, "9": 42, "8": 42}, "16": {"10": 0, "1": 50, "0": 441, "3": 84, "2": 69, "5": 38, "4": 182, "7": 5, "6": 12, "9": 1, "8": 0}, "19": {"1": 437, "0": 442, "3": 1, "2": 2, "5": 0, "4": 2, "6": 0}, "18": {"11": 0, "10": 4, "13": 1, "12": 2, "1": 103, "0": 442, "3": 30, "2": 165, "5": 3, "4": 0, "7": 0, "6": 0, "9": 0, "8": 134}}, "4418040": {"24": {"1": 289, "0": 299, "3": 1, "2": 5, "5": 0, "4": 4, "6": 0}, "20": {"1": 237, "0": 299, "3": 62, "2": 0, "5": 0, "4": 0, "6": 0}, "21": {"1": 235, "0": 299, "3": 9, "2": 0, "5": 0, "4": 55, "6": 0}, "22": {"1": "0.7257525084", "0": "0.5351170569", "3": "0.4715719064", "2": "0.6086956522", "5": "0.0033444816", "4": "0.0468227425", "6": 0}, "23": {"1": 1, "0": 299, "3": 28, "2": 262, "5": 0, "4": 8, "6": 0}, "1": {"1": 967, "0": 968, "3": 0, "2": 1, "5": 0, "4": 0, "7": 0, "6": 0, "9": 0, "8": 0}, "0": {"0": 968}, "3": {"11": 2, "10": 8, "12": 0, "1": 299, "0": 968, "3": 370, "2": 189, "5": 47, "4": 18, "7": 22, "6": 9, "9": 4, "8": 0}, "2": {"1": 956, "0": 968, "3": 0, "2": 0, "5": 0, "4": 12, "6": 0}, "5": {"1": 421, "0": 968, "3": 18, "2": 465, "5": 0, "4": 55, "7": 9, "6": 0, "8": 0}, "4": {"1": 471, "0": 968, "2": 497}, "7": {"1": 364, "0": 366, "3": 0, "2": 2}, "6": {"10": 0, "1": 194, "0": 968, "3": 137, "2": 174, "5": 127, "4": 156, "7": 56, "6": 99, "9": 1, "8": 24}, "9": {"1": 227, "0": 299, "3": 0, "2": 72, "4": 0}, "8": {"1": 299, "0": 364, "2": 65}, "11": {"1": 281, "0": 299, "3": 0, "2": 0, "5": 11, "4": 6, "7": 1, "6": 0, "8": 0}, "10": {"1": 298, "0": 299, "3": 0, "2": 0, "5": 0, "4": 0, "7": 0, "6": 0, "9": 1, "8": 0}, "13": {"1": 229, "0": 299, "3": 0, "2": 33, "5": 33, "4": 0, "7": 0, "6": 4}, "12": {"1": 230, "0": 299, "3": 55, "2": 1, "5": 1, "4": 0, "7": 2, "6": 10}, "15": {"1": 299, "0": 299, "3": 0, "2": 0, "5": 0, "4": 0}, "14": {"10": 0, "1": 41, "0": 299, "3": 79, "2": 54, "5": 36, "4": 72, "7": 3, "6": 13, "9": 0, "8": 1}, "17": {"11": 158, "10": 24, "12": 0, "1": 14, "0": 299, "3": 21, "2": 19, "5": 3, "4": 18, "7": 3, "6": 5, "9": 17, "8": 17}, "16": {"10": 1, "1": 24, "0": 299, "3": 78, "2": 66, "5": 32, "4": 82, "7": 3, "6": 13, "9": 0, "8": 0}, "19": {"1": 298, "0": 299, "3": 0, "2": 0, "5": 0, "4": 1, "6": 0}, "18": {"11": 0, "10": 0, "13": 0, "12": 0, "1": 59, "0": 299, "3": 36, "2": 97, "5": 2, "4": 2, "7": 0, "6": 30, "9": 0, "8": 73}}, "4418045": {"24": {"1": 254, "0": 268, "3": 0, "2": 0, "5": 3, "4": 11, "6": 0}, "20": {"1": 219, "0": 268, "3": 49, "2": 0, "5": 0, "4": 0, "6": 0}, "21": {"1": 222, "0": 268, "3": 0, "2": 0, "5": 0, "4": 44, "6": 2}, "22": {"1": "0.6753731343", "0": "0.5298507463", "3": "0.6679104478", "2": "0.4776119403", "5": 0, "4": "0.0485074627", "6": 0}, "23": {"1": 3, "0": 268, "3": 56, "2": 209, "5": 0, "4": 0, "6": 0}, "1": {"1": 910, "0": 910, "3": 0, "2": 0, "5": 0, "4": 0, "7": 0, "6": 0, "9": 0, "8": 0}, "0": {"0": 910}, "3": {"11": 2, "10": 1, "12": 0, "1": 268, "0": 910, "3": 378, "2": 167, "5": 31, "4": 17, "7": 27, "6": 19, "9": 0, "8": 0}, "2": {"1": 909, "0": 910, "3": 0, "2": 0, "5": 1, "4": 0, "6": 0}, "5": {"1": 400, "0": 910, "3": 12, "2": 438, "5": 2, "4": 49, "7": 8, "6": 1, "8": 0}, "4": {"1": 456, "0": 910, "2": 454}, "7": {"1": 310, "0": 312, "3": 0, "2": 2}, "6": {"10": 1, "1": 191, "0": 910, "3": 177, "2": 146, "5": 98, "4": 139, "7": 49, "6": 87, "9": 3, "8": 19}, "9": {"1": 233, "0": 268, "3": 0, "2": 35, "4": 0}, "8": {"1": 268, "0": 310, "2": 42}, "11": {"1": 254, "0": 268, "3": 0, "2": 3, "5": 8, "4": 3, "7": 0, "6": 0, "8": 0}, "10": {"1": 265, "0": 268, "3": 0, "2": 0, "5": 0, "4": 0, "7": 0, "6": 0, "9": 3, "8": 0}, "13": {"1": 176, "0": 268, "3": 0, "2": 74, "5": 11, "4": 0, "7": 0, "6": 7}, "12": {"1": 223, "0": 268, "3": 26, "2": 0, "5": 0, "4": 1, "7": 0, "6": 18}, "15": {"1": 268, "0": 268, "3": 0, "2": 0, "5": 0, "4": 0}, "14": {"10": 0, "1": 22, "0": 268, "3": 79, "2": 47, "5": 29, "4": 72, "7": 5, "6": 13, "9": 0, "8": 1}, "17": {"11": 105, "10": 42, "12": 0, "1": 13, "0": 268, "3": 21, "2": 17, "5": 4, "4": 17, "7": 2, "6": 12, "9": 24, "8": 11}, "16": {"10": 0, "1": 6, "0": 268, "3": 90, "2": 27, "5": 28, "4": 102, "7": 4, "6": 11, "9": 0, "8": 0}, "19": {"1": 267, "0": 268, "3": 1, "2": 0, "5": 0, "4": 0, "6": 0}, "18": {"11": 0, "10": 0, "13": 13, "12": 0, "1": 85, "0": 268, "3": 13, "2": 106,