{"5106035": {"24": {"1": 836, "0": 875, "3": 7, "2": 5, "5": 0, "4": 26, "6": 1}, "20": {"1": 784, "0": 875, "3": 91, "2": 0, "5": 0, "4": 0, "6": 0}, "21": {"1": 872, "0": 875, "3": 0, "2": 0, "5": 0, "4": 1, "6": 2}, "22": {"1": "0.7017142857", "0": "0.7177142857", "3": "0.7954285714", "2": "0.168", "5": "0.0137142857", "4": "0.0845714286", "6": 0}, "23": {"1": 835, "0": 875, "3": 14, "2": 25, "5": 1, "4": 0, "6": 0}, "1": {"1": 2, "0": 3155, "3": 3, "2": 1, "5": 0, "4": 3149, "7": 0, "6": 0, "9": 0, "8": 0}, "0": {"0": 3155}, "3": {"11": 0, "10": 6, "12": 0, "1": 875, "0": 3155, "3": 1356, "2": 647, "5": 37, "4": 19, "7": 113, "6": 102, "9": 0, "8": 0}, "2": {"1": 2, "0": 3155, "3": 3149, "2": 3, "5": 0, "4": 1, "6": 0}, "5": {"1": 1438, "0": 3155, "3": 53, "2": 1505, "5": 17, "4": 99, "7": 19, "6": 24, "8": 0}, "4": {"1": 1537, "0": 3155, "2": 1618}, "7": {"1": 942, "0": 944, "3": 1, "2": 1}, "6": {"10": 0, "1": 749, "0": 3155, "3": 456, "2": 532, "5": 425, "4": 520, "7": 133, "6": 270, "9": 17, "8": 53}, "9": {"1": 779, "0": 868, "3": 18, "2": 71, "4": 0}, "8": {"1": 868, "0": 942, "2": 74}, "11": {"1": 801, "0": 868, "3": 0, "2": 9, "5": 12, "4": 0, "7": 26, "6": 20, "8": 0}, "10": {"1": 837, "0": 868, "3": 0, "2": 5, "5": 0, "4": 0, "7": 0, "6": 0, "9": 26, "8": 0}, "13": {"1": 780, "0": 868, "3": 3, "2": 4, "5": 24, "4": 1, "7": 6, "6": 50}, "12": {"1": 825, "0": 868, "3": 14, "2": 3, "5": 26, "4": 0, "7": 0, "6": 0}, "15": {"1": 861, "0": 868, "3": 0, "2": 7, "5": 0, "4": 0}, "14": {"10": 1, "1": 63, "0": 868, "3": 197, "2": 159, "5": 122, "4": 221, "7": 22, "6": 72, "9": 1, "8": 10}, "17": {"11": 121, "10": 146, "12": 56, "1": 30, "0": 868, "3": 19, "2": 27, "5": 38, "4": 31, "7": 37, "6": 29, "9": 172, "8": 162}, "16": {"10": 0, "1": 101, "0": 868, "3": 101, "2": 59, "5": 193, "4": 369, "7": 10, "6": 33, "9": 1, "8": 1}, "19": {"1": 548, "0": 875, "3": 248, "2": 41, "5": 27, "4": 11, "6": 0}, "18": {"11": 0, "10": 0, "13": 4, "12": 0, "1": 538, "0": 875, "3": 0, "2": 70, "5": 82, "4": 39, "7": 0, "6": 0, "9": 0, "8": 142}}, "5106030": {"24": {"1": 711, "0": 739, "3": 10, "2": 14, "5": 0, "4": 4, "6": 0}, "20": {"1": 693, "0": 739, "3": 46, "2": 0, "5": 0, "4": 0, "6": 0}, "21": {"1": 736, "0": 739, "3": 1, "2": 1, "5": 0, "4": 1, "6": 0}, "22": {"1": "0.6779431664", "0": "0.649526387", "3": "0.7726657645", "2": "0.1826792963", "5": "0.0175913396", "4": "0.0744248985", "6": "0.0027063599"}, "23": {"1": 715, "0": 739, "3": 8, "2": 16, "5": 0, "4": 0, "6": 0}, "1": {"1": 1, "0": 2877, "3": 1, "2": 0, "5": 0, "4": 2875, "7": 0, "6": 0, "9": 0, "8": 0}, "0": {"0": 2877}, "3": {"11": 0, "10": 67, "12": 0, "1": 739, "0": 2877, "3": 1285, "2": 585, "5": 39, "4": 17, "7": 55, "6": 90, "9": 0, "8": 0}, "2": {"1": 1, "0": 2877, "3": 2875, "2": 1, "5": 0, "4": 0, "6": 0}, "5": {"1": 1380, "0": 2877, "3": 70, "2": 1316, "5": 6, "4": 85, "7": 10, "6": 10, "8": 0}, "4": {"1": 1438, "0": 2877, "2": 1439}, "7": {"1": 767, "0": 769, "3": 0, "2": 2}, "6": {"10": 2, "1": 656, "0": 2877, "3": 375, "2": 603, "5": 374, "4": 447, "7": 132, "6": 223, "9": 8, "8": 57}, "9": {"1": 687, "0": 739, "3": 14, "2": 38, "4": 0}, "8": {"1": 739, "0": 767, "2": 28}, "11": {"1": 691, "0": 739, "3": 0, "2": 21, "5": 2, "4": 1, "7": 15, "6": 9, "8": 0}, "10": {"1": 722, "0": 739, "3": 0, "2": 6, "5": 0, "4": 0, "7": 0, "6": 0, "9": 11, "8": 0}, "13": {"1": 679, "0": 739, "3": 9, "2": 3, "5": 16, "4": 2, "7": 2, "6": 28}, "12": {"1": 714, "0": 739, "3": 8, "2": 0, "5": 16, "4": 0, "7": 1, "6": 0}, "15": {"1": 739, "0": 739, "3": 0, "2": 0, "5": 0, "4": 0}, "14": {"10": 0, "1": 48, "0": 739, "3": 162, "2": 99, "5": 136, "4": 202, "7": 15, "6": 68, "9": 5, "8": 4}, "17": {"11": 117, "10": 136, "12": 70, "1": 22, "0": 739, "3": 22, "2": 19, "5": 20, "4": 19, "7": 33, "6": 23, "9": 132, "8": 126}, "16": {"10": 0, "1": 75, "0": 739, "3": 251, "2": 50, "5": 84, "4": 245, "7": 2, "6": 30, "9": 1, "8": 1}, "19": {"1": 395, "0": 739, "3": 222, "2": 49, "5": 65, "4": 7, "6": 1}, "18": {"11": 0, "10": 0, "13": 5, "12": 0, "1": 350, "0": 739, "3": 0, "2": 30, "5": 80, "4": 8, "7": 0, "6": 3, "9": 0, "8": 263}}, "5106025": {"24": {"1": 660, "0": 691, "3": 11, "2": 4, "5": 0, "4": 16, "6": 0}, "20": {"1": 632, "0": 691, "3": 58, "2": 0, "5": 0, "4": 0, "6": 1}, "21": {"1": 669, "0": 691, "3": 2, "2": 20, "5": 0, "4": 0, "6": 0}, "22": {"1": "0.7018813314", "0": "0.5484804631", "3": "0.7178002894", "2": "0.2272069465", "5": "0.0303907381", "4": "0.0911722142", "6": "0.002894356"}, "23": {"1": 673, "0": 691, "3": 2, "2": 15, "5": 0, "4": 0, "6": 1}, "1": {"1": 2, "0": 2498, "3": 2, "2": 0, "5": 2, "4": 2492, "7": 0, "6": 0, "9": 0, "8": 0}, "0": {"0": 2498}, "3": {"11": 0, "10": 4, "12": 0, "1": 691, "0": 2498, "3": 1064, "2": 527, "5": 43, "4": 29, "7": 76, "6": 64, "9": 0, "8": 0}, "2": {"1": 1, "0": 2498, "3": 2494, "2": 1, "5": 0, "4": 2, "6": 0}, "5": {"1": 1111, "0": 2498, "3": 18, "2": 1279, "5": 4, "4": 59, "7": 10, "6": 17, "8": 0}, "4": {"1": 1206, "0": 2498, "2": 1292}, "7": {"1": 772, "0": 773, "3": 0, "2": 1}, "6": {"10": 0, "1": 549, "0": 2498, "3": 348, "2": 458, "5": 361, "4": 391, "7": 108, "6": 228, "9": 5, "8": 50}, "9": {"1": 626, "0": 689, "3": 17, "2": 46, "4": 0}, "8": {"1": 689, "0": 772, "2": 83}, "11": {"1": 641, "0": 689, "3": 0, "2": 4, "5": 8, "4": 0, "7": 23, "6": 12, "8": 1}, "10": {"1": 649, "0": 689, "3": 0, "2": 11, "5": 0, "4": 1, "7": 0, "6": 0, "9": 28, "8": 0}, "13": {"1": 633, "0": 689, "3": 1, "2": 5, "5": 12, "4": 0, "7": 2, "6": 36}, "12": {"1": 649, "0": 689, "3": 17, "2": 3, "5": 18, "4": 0, "7": 2, "6": 0}, "15": {"1": 687, "0": 689, "3": 0, "2": 2, "5": 0, "4": 0}, "14": {"10": 1, "1": 52, "0": 689, "3": 165, "2": 112, "5": 122, "4": 172, "7": 8, "6": 49, "9": 3, "8": 5}, "17": {"11": 78, "10": 131, "12": 47, "1": 19, "0": 689, "3": 21, "2": 27, "5": 39, "4": 20, "7": 33, "6": 23, "9": 128, "8": 123}, "16": {"10": 1, "1": 99, "0": 689, "3": 275, "2": 77, "5": 58, "4": 149, "7": 8, "6": 19, "9": 1, "8": 2}, "19": {"1": 409, "0": 691, "3": 200, "2": 21, "5": 47, "4": 14, "6": 0}, "18": {"11": 0, "10": 0, "13": 4, "12": 0, "1": 452, "0": 691, "3": 0, "2": 48, "5": 51, "4": 60, "7": 0, "6": 9, "9": 2, "8": 65}}, "5106040": {"24": {"1": 629, "0": 675, "3": 3, "2": 7, "5": 1, "4": 34, "6": 1}, "20": {"1": 551, "0": 675, "3": 123, "2": 0, "5": 0, "4": 0, "6": 1}, "21": {"1": 667, "0": 675, "3": 0, "2": 0, "5": 0, "4": 7, "6": 1}, "22": {"1": "0.5703703704", "0": "0.4444444444", "3": "0.76", "2": "0.0888888889", "5": "0.0044444444", "4": "0.0281481481", "6": 0}, "23": {"1": 556, "0": 675, "3": 42, "2": 74, "5": 2, "4": 1, "6": 0}, "1": {"1": 4, "0": 2403, "3": 0, "2": 3, "5": 2, "4": 2394, "7": 0, "6": 0, "9": 0, "8": 0}, "0": {"0": 2403}, "3": {"11": 0, "10": 10, "12": 0, "1": 675, "0": 2403, "3": 1040, "2": 451, "5": 84, "4": 17, "7": 73, "6": 53, "9": 0, "8": 0}, "2": {"1": 4, "0": 2403, "3": 2395, "2": 4, "5": 0, "4": 0, "6": 0}, "5": {"1": 1130, "0": 2403, "3": 1, "2": 1094, "5": 17, "4": 130, "7": 16, "6": 15, "8": 0}, "4": {"1": 1131, "0": 2403, "2": 1272}, "7": {"1": 778, "0": 779, "3": 0, "2": 1}, "6": {"10": 2, "1": 618, "0": 2403, "3": 332, "2": 439, "5": 271, "4": 345, "7": 120, "6": 205, "9": 18, "8": 53}, "9": {"1": 577, "0": 673, "3": 29, "2": 67, "4": 0}, "8": {"1": 673, "0": 778, "2": 105}, "11": {"1": 571, "0": 673, "3": 0, "2": 48, "5": 7, "4": 0, "7": 15, "6": 32, "8": 0}, "10": {"1": 642, "0": 673, "3": 0, "2": 10, "5": 0, "4": 0, "7": 0, "6": 0, "9": 21, "8": 0}, "13": {"1": 559, "0": 673, "3": 1, "2": 12, "5": 33, "4": 9, "7": 4, "6": 55}, "12": {"1": 629, "0": 673, "3": 5, "2": 1, "5": 36, "4": 0, "7": 0, "6": 2}, "15": {"1": 672, "0": 673, "3": 1, "2": 0, "5": 0, "4": 0}, "14": {"10": 0, "1": 45, "0": 673, "3": 182, "2": 117, "5": 95, "4": 173, "7": 22, "6": 33, "9": 1, "8": 5}, "17": {"11": 130, "10": 80, "12": 48, "1": 28, "0": 673, "3": 35, "2": 50, "5": 26, "4": 41, "7": 26, "6": 23, "9": 73, "8": 113}, "16": {"10": 1,