{"4104040": {"24": {"1": 249, "0": 287, "3": 0, "2": 0, "5": 0, "4": 38, "6": 0}, "20": {"1": 44, "0": 287, "3": 243, "2": 0, "5": 0, "4": 0, "6": 0}, "21": {"1": 162, "0": 287, "3": 0, "2": 0, "5": 0, "4": 1, "6": 124}, "22": {"1": "0.1986062718", "0": "0.5679442509", "3": "0.7317073171", "2": "0.0348432056", "5": "0.0104529617", "4": "0.0174216028", "6": 0}, "23": {"1": 1, "0": 287, "3": 0, "2": 286, "5": 0, "4": 0, "6": 0}, "1": {"1": 0, "0": 1250, "3": 2, "2": 1248, "5": 0, "4": 0, "7": 0, "6": 0, "9": 0, "8": 0}, "0": {"0": 1250}, "3": {"11": 0, "10": 0, "12": 0, "1": 287, "0": 1250, "3": 626, "2": 201, "5": 46, "4": 24, "7": 32, "6": 34, "9": 0, "8": 0}, "2": {"1": 0, "0": 1250, "3": 0, "2": 1229, "5": 19, "4": 2, "6": 0}, "5": {"1": 653, "0": 1250, "3": 64, "2": 445, "5": 0, "4": 66, "7": 21, "6": 1, "8": 0}, "4": {"1": 568, "0": 1250, "2": 682}, "7": {"1": 310, "0": 310, "3": 0, "2": 0}, "6": {"10": 1, "1": 260, "0": 1250, "3": 204, "2": 253, "5": 129, "4": 157, "7": 97, "6": 113, "9": 8, "8": 28}, "9": {"1": 118, "0": 287, "3": 38, "2": 131, "4": 0}, "8": {"1": 287, "0": 310, "2": 23}, "11": {"1": 3, "0": 287, "3": 0, "2": 144, "5": 82, "4": 0, "7": 0, "6": 58, "8": 0}, "10": {"1": 143, "0": 287, "3": 0, "2": 0, "5": 0, "4": 0, "7": 0, "6": 0, "9": 144, "8": 0}, "13": {"1": 83, "0": 287, "3": 1, "2": 45, "5": 18, "4": 0, "7": 0, "6": 140}, "12": {"1": 161, "0": 287, "3": 114, "2": 0, "5": 11, "4": 1, "7": 0, "6": 0}, "15": {"1": 287, "0": 287, "3": 0, "2": 0, "5": 0, "4": 0}, "14": {"10": 3, "1": 21, "0": 287, "3": 48, "2": 40, "5": 46, "4": 46, "7": 18, "6": 44, "9": 3, "8": 18}, "17": {"11": 8, "10": 1, "12": 54, "1": 99, "0": 287, "3": 13, "2": 39, "5": 11, "4": 10, "7": 6, "6": 10, "9": 10, "8": 26}, "16": {"10": 0, "1": 162, "0": 287, "3": 74, "2": 18, "5": 0, "4": 33, "7": 0, "6": 0, "9": 0, "8": 0}, "19": {"1": 282, "0": 287, "3": 0, "2": 5, "5": 0, "4": 0, "6": 0}, "18": {"11": 0, "10": 0, "13": 0, "12": 0, "1": 2, "0": 287, "3": 0, "2": 157, "5": 0, "4": 0, "7": 0, "6": 0, "9": 128, "8": 0}}, "4104025": {"24": {"1": 64, "0": 103, "3": 15, "2": 1, "5": 0, "4": 23, "6": 0}, "20": {"1": 77, "0": 103, "3": 26, "2": 0, "5": 0, "4": 0, "6": 0}, "21": {"1": 101, "0": 103, "3": 0, "2": 0, "5": 0, "4": 0, "6": 2}, "22": {"1": "0.427184466", "0": "0.7087378641", "3": "0.786407767", "2": "0.0970873786", "5": "0.0097087379", "4": "0.0194174757", "6": 0}, "23": {"1": 1, "0": 103, "3": 14, "2": 88, "5": 0, "4": 0, "6": 0}, "1": {"1": 0, "0": 334, "3": 0, "2": 334, "5": 0, "4": 0, "7": 0, "6": 0, "9": 0, "8": 0}, "0": {"0": 334}, "3": {"11": 0, "10": 0, "12": 0, "1": 103, "0": 334, "3": 133, "2": 57, "5": 7, "4": 4, "7": 16, "6": 14, "9": 0, "8": 0}, "2": {"1": 0, "0": 334, "3": 0, "2": 329, "5": 4, "4": 1, "6": 0}, "5": {"1": 151, "0": 334, "3": 9, "2": 128, "5": 0, "4": 36, "7": 9, "6": 1, "8": 0}, "4": {"1": 139, "0": 334, "2": 195}, "7": {"1": 215, "0": 215, "3": 0, "2": 0}, "6": {"10": 0, "1": 54, "0": 334, "3": 41, "2": 50, "5": 46, "4": 34, "7": 36, "6": 41, "9": 9, "8": 23}, "9": {"1": 94, "0": 103, "3": 2, "2": 7, "4": 0}, "8": {"1": 103, "0": 215, "2": 112}, "11": {"1": 0, "0": 103, "3": 0, "2": 96, "5": 1, "4": 0, "7": 1, "6": 2, "8": 3}, "10": {"1": 103, "0": 103, "3": 0, "2": 0, "5": 0, "4": 0, "7": 0, "6": 0, "9": 0, "8": 0}, "13": {"1": 81, "0": 103, "3": 1, "2": 13, "5": 1, "4": 0, "7": 0, "6": 7}, "12": {"1": 91, "0": 103, "3": 2, "2": 1, "5": 2, "4": 0, "7": 0, "6": 7}, "15": {"1": 103, "0": 103, "3": 0, "2": 0, "5": 0, "4": 0}, "14": {"10": 0, "1": 17, "0": 103, "3": 23, "2": 23, "5": 15, "4": 15, "7": 5, "6": 4, "9": 0, "8": 1}, "17": {"11": 16, "10": 4, "12": 43, "1": 6, "0": 103, "3": 6, "2": 5, "5": 1, "4": 0, "7": 4, "6": 2, "9": 5, "8": 11}, "16": {"10": 0, "1": 3, "0": 103, "3": 23, "2": 5, "5": 30, "4": 29, "7": 3, "6": 9, "9": 0, "8": 1}, "19": {"1": 101, "0": 103, "3": 0, "2": 2, "5": 0, "4": 0, "6": 0}, "18": {"11": 0, "10": 0, "13": 0, "12": 0, "1": 0, "0": 103, "3": 0, "2": 81, "5": 0, "4": 0, "7": 0, "6": 0, "9": 22, "8": 0}}, "4104045": {"24": {"1": 191, "0": 248, "3": 1, "2": 2, "5": 0, "4": 52, "6": 2}, "20": {"1": 114, "0": 248, "3": 134, "2": 0, "5": 0, "4": 0, "6": 0}, "21": {"1": 211, "0": 248, "3": 0, "2": 0, "5": 0, "4": 5, "6": 32}, "22": {"1": "0.3508064516", "0": "0.4637096774", "3": "0.7016129032", "2": "0.1048387097", "5": "0.0080645161", "4": "0.0241935484", "6": "0.0040322581"}, "23": {"1": 2, "0": 248, "3": 15, "2": 208, "5": 3, "4": 20, "6": 0}, "1": {"1": 0, "0": 1042, "3": 4, "2": 1038, "5": 0, "4": 0, "7": 0, "6": 0, "9": 0, "8": 0}, "0": {"0": 1042}, "3": {"11": 0, "10": 1, "12": 0, "1": 248, "0": 1042, "3": 492, "2": 176, "5": 39, "4": 24, "7": 41, "6": 21, "9": 0, "8": 0}, "2": {"1": 1, "0": 1042, "3": 0, "2": 1020, "5": 17, "4": 4, "6": 0}, "5": {"1": 511, "0": 1042, "3": 43, "2": 401, "5": 1, "4": 67, "7": 18, "6": 1, "8": 0}, "4": {"1": 478, "0": 1042, "2": 564}, "7": {"1": 330, "0": 330, "3": 0, "2": 0}, "6": {"10": 1, "1": 211, "0": 1042, "3": 168, "2": 190, "5": 109, "4": 137, "7": 77, "6": 95, "9": 11, "8": 43}, "9": {"1": 187, "0": 248, "3": 30, "2": 31, "4": 0}, "8": {"1": 248, "0": 330, "2": 82}, "11": {"1": 0, "0": 248, "3": 0, "2": 199, "5": 14, "4": 0, "7": 1, "6": 34, "8": 0}, "10": {"1": 198, "0": 248, "3": 0, "2": 1, "5": 0, "4": 0, "7": 0, "6": 0, "9": 49, "8": 0}, "13": {"1": 103, "0": 248, "3": 0, "2": 87, "5": 12, "4": 0, "7": 0, "6": 46}, "12": {"1": 197, "0": 248, "3": 48, "2": 2, "5": 1, "4": 0, "7": 0, "6": 0}, "15": {"1": 248, "0": 248, "3": 0, "2": 0, "5": 0, "4": 0}, "14": {"10": 2, "1": 26, "0": 248, "3": 44, "2": 33, "5": 38, "4": 36, "7": 19, "6": 37, "9": 2, "8": 11}, "17": {"11": 24, "10": 3, "12": 46, "1": 46, "0": 248, "3": 15, "2": 26, "5": 10, "4": 5, "7": 25, "6": 6, "9": 12, "8": 30}, "16": {"10": 3, "1": 55, "0": 248, "3": 70, "2": 24, "5": 16, "4": 67, "7": 4, "6": 8, "9": 1, "8": 0}, "19": {"1": 241, "0": 248, "3": 3, "2": 4, "5": 0, "4": 0, "6": 0}, "18": {"11": 0, "10": 0, "13": 0, "12": 0, "1": 0, "0": 248, "3": 0, "2": 91, "5": 0, "4": 0, "7": 0, "6": 0, "9": 157, "8": 0}}, "4104020": {"24": {"1": 260, "0": 374, "3": 1, "2": 0, "5": 0, "4": 113, "6": 0}, "20": {"1": 279, "0": 374, "3": 95, "2": 0, "5": 0, "4": 0, "6": 0}, "21": {"1": 362, "0": 374, "3": 4, "2": 0, "5": 0, "4": 2, "6": 6}, "22": {"1": "0.5401069519", "0": "0.4946524064", "3": "0.7780748663", "2": "0.1417112299", "5": "0.0213903743", "4": "0.050802139", "6": 0}, "23": {"1": 4, "0": 374, "3": 43, "2": 324, "5": 0, "4": 3, "6": 0}, "1": {"1": 1, "0": 1416, "3": 4, "2": 1409, "5": 0, "4": 0, "7": 0, "6": 0, "9": 2, "8": 0}, "0": {"0": 1416}, "3": {"11": 0, "10": 5, "12": 0, "1": 374, "0": 1416, "3": 620, "2": 276, "5": 40, "4": 20, "7": 40, "6": 41, "9": 0, "8": 0}, "2": {"1": 2, "0": 1416, "3": 0, "2": 1334, "5": 60, "4": 19, "6": 1}, "5": {"1": 659, "0": 1416, "3": 16, "2": 655, "5": 3, "4": 69, "7": 13, "6": 1, "8": 0}, "4": {"1": 635, "0": 1416, "2": 781}, "7": {"1": 436, "0": 436, "3": 0, "2": 0}, "6": {"10": 2, "1": 258, "0": 1416, "3": 230, "2": 224, "5": 151, "4": 223, "7": 126, "6": 131, "9": 12, "8": 59}, "9": {"1": 310, "0": 363, "3": 7, "2": 44, "4": 2}, "8": {"1": 363, "0": 436, "2": 73}, "11": {"1": 5, "0": 363, "3": 0, "2": 315, "5": 4, "4": 0, "7": 4, "6": 22, "8": 13}, "10": {"1": 327, "0": 363, "3": 0, "2": 1, "5": 0, "4": 0, "7": 0, "6": 0, "9": 35, "8": 0}, "13": {"1": 253, "0": 363, "3": 0, "2": 69, "5": 10, "4": 0, "7": 2, "6": 29}, "12": {"1": 333, "0": 363, "3": 17, "2": 6, "5": 5, "4": 0, "7": 2, "6": 0}, "15": {"1": 353, "0": 363, "3": 1, "2": 9, "5": 0, "4": 0}, "14": {"10": 1, "1": 22, "0": 363, "3": 67, "2": 74, "5": 55, "4": 77, "7": 22, "6": 33, "9": 4, "8": 8}, "17": {"11": 53, "10": 3, "12": 144, "1": 21, "0": 363, "3": 12, "2": 17, "5": 13, "4": 22, "7": 10, "6": 5, "9": 23, "8": 40}, "16": {"10": 0, "1": 38, "0": 363, "3": 131, "2": 43, "5": 32, "4": 103, "7": 3, "6": 10, "9": 1, "8": 2}, "19": {"1": 367, "0": 374, "3": 2, "2": 5, "5": 0, "4": 0,