{"8227025": {"24": {"1": 991, "0": 1079, "3": 29, "2": 8, "5": 22, "4": 23, "6": 6}, "20": {"1": 914, "0": 1079, "3": 158, "2": 0, "5": 0, "4": 7, "6": 0}, "21": {"1": 927, "0": 1079, "3": 6, "2": 1, "5": 0, "4": 135, "6": 10}, "22": {"1": "0.750695088", "0": "0.609823911", "3": "0.7525486562", "2": "0.3253012048", "5": "0.0148285449", "4": "0.0704355885", "6": "0.0009267841"}, "23": {"1": 23, "0": 1079, "3": 42, "2": 968, "5": 0, "4": 46, "6": 0}, "1": {"1": 4070, "0": 4124, "3": 5, "2": 43, "5": 2, "4": 1, "7": 0, "6": 3, "9": 0, "8": 0}, "0": {"0": 4124}, "3": {"11": 26, "10": 135, "12": 0, "1": 1079, "0": 4124, "3": 1670, "2": 799, "5": 146, "4": 103, "7": 92, "6": 63, "9": 4, "8": 7}, "2": {"1": 4070, "0": 4124, "3": 2, "2": 40, "5": 5, "4": 6, "6": 1}, "5": {"1": 1854, "0": 4124, "3": 47, "2": 2042, "5": 4, "4": 135, "7": 36, "6": 6, "8": 0}, "4": {"1": 2133, "0": 4124, "2": 1991}, "7": {"1": 1337, "0": 1376, "3": 2, "2": 37}, "6": {"10": 3, "1": 814, "0": 4124, "3": 614, "2": 687, "5": 543, "4": 663, "7": 247, "6": 420, "9": 29, "8": 104}, "9": {"1": 936, "0": 1075, "3": 5, "2": 134, "4": 0}, "8": {"1": 1075, "0": 1337, "2": 262}, "11": {"1": 963, "0": 1075, "3": 0, "2": 39, "5": 57, "4": 7, "7": 5, "6": 0, "8": 4}, "10": {"1": 1024, "0": 1075, "3": 0, "2": 28, "5": 0, "4": 1, "7": 0, "6": 0, "9": 22, "8": 0}, "13": {"1": 759, "0": 1075, "3": 18, "2": 156, "5": 38, "4": 50, "7": 0, "6": 54}, "12": {"1": 735, "0": 1075, "3": 120, "2": 70, "5": 2, "4": 1, "7": 0, "6": 147}, "15": {"1": 1071, "0": 1075, "3": 0, "2": 4, "5": 0, "4": 0}, "14": {"10": 4, "1": 111, "0": 1075, "3": 241, "2": 138, "5": 185, "4": 267, "7": 35, "6": 84, "9": 3, "8": 7}, "17": {"11": 145, "10": 115, "12": 56, "1": 79, "0": 1075, "3": 49, "2": 44, "5": 46, "4": 56, "7": 71, "6": 33, "9": 137, "8": 244}, "16": {"10": 10, "1": 134, "0": 1075, "3": 201, "2": 54, "5": 233, "4": 214, "7": 53, "6": 149, "9": 6, "8": 21}, "19": {"1": 994, "0": 1079, "3": 71, "2": 9, "5": 1, "4": 1, "6": 3}, "18": {"11": 0, "10": 43, "13": 2, "12": 0, "1": 117, "0": 1079, "3": 2, "2": 51, "5": 276, "4": 222, "7": 0, "6": 342, "9": 0, "8": 24}}, "8227005": {"24": {"1": 453, "0": 495, "3": 11, "2": 5, "5": 1, "4": 9, "6": 16}, "20": {"1": 324, "0": 495, "3": 163, "2": 0, "5": 0, "4": 5, "6": 3}, "21": {"1": 452, "0": 495, "3": 1, "2": 0, "5": 1, "4": 37, "6": 4}, "22": {"1": "0.6121212121", "0": "0.4828282828", "3": "0.7292929293", "2": "0.204040404", "5": "0.0181818182", "4": "0.0606060606", "6": 0}, "23": {"1": 34, "0": 495, "3": 26, "2": 398, "5": 0, "4": 37, "6": 0}, "1": {"1": 1898, "0": 1924, "3": 0, "2": 26, "5": 0, "4": 0, "7": 0, "6": 0, "9": 0, "8": 0}, "0": {"0": 1924}, "3": {"11": 9, "10": 106, "12": 0, "1": 495, "0": 1924, "3": 743, "2": 356, "5": 66, "4": 39, "7": 72, "6": 34, "9": 0, "8": 4}, "2": {"1": 1888, "0": 1924, "3": 0, "2": 25, "5": 9, "4": 2, "6": 0}, "5": {"1": 869, "0": 1924, "3": 13, "2": 999, "5": 7, "4": 28, "7": 8, "6": 0, "8": 0}, "4": {"1": 1033, "0": 1924, "2": 891}, "7": {"1": 594, "0": 614, "3": 2, "2": 18}, "6": {"10": 6, "1": 354, "0": 1924, "3": 365, "2": 350, "5": 223, "4": 276, "7": 109, "6": 195, "9": 9, "8": 37}, "9": {"1": 380, "0": 495, "3": 1, "2": 114, "4": 0}, "8": {"1": 495, "0": 594, "2": 99}, "11": {"1": 375, "0": 495, "3": 0, "2": 59, "5": 33, "4": 22, "7": 4, "6": 0, "8": 2}, "10": {"1": 467, "0": 495, "3": 0, "2": 12, "5": 0, "4": 13, "7": 0, "6": 0, "9": 1, "8": 2}, "13": {"1": 248, "0": 495, "3": 3, "2": 169, "5": 51, "4": 0, "7": 0, "6": 24}, "12": {"1": 266, "0": 495, "3": 84, "2": 33, "5": 0, "4": 1, "7": 1, "6": 110}, "15": {"1": 495, "0": 495, "3": 0, "2": 0, "5": 0, "4": 0}, "14": {"10": 2, "1": 61, "0": 495, "3": 113, "2": 68, "5": 67, "4": 116, "7": 19, "6": 36, "9": 5, "8": 8}, "17": {"11": 36, "10": 34, "12": 24, "1": 52, "0": 495, "3": 48, "2": 47, "5": 34, "4": 31, "7": 33, "6": 21, "9": 52, "8": 83}, "16": {"10": 4, "1": 84, "0": 495, "3": 105, "2": 35, "5": 99, "4": 97, "7": 18, "6": 40, "9": 2, "8": 11}, "19": {"1": 452, "0": 495, "3": 41, "2": 1, "5": 0, "4": 0, "6": 1}, "18": {"11": 0, "10": 38, "13": 0, "12": 0, "1": 61, "0": 495, "3": 20, "2": 76, "5": 7, "4": 42, "7": 0, "6": 234, "9": 1, "8": 16}}, "8227020": {"24": {"1": 801, "0": 1086, "3": 28, "2": 89, "5": 165, "4": 2, "6": 1}, "20": {"1": 858, "0": 1086, "3": 218, "2": 0, "5": 0, "4": 8, "6": 2}, "21": {"1": 1012, "0": 1086, "3": 1, "2": 6, "5": 1, "4": 54, "6": 12}, "22": {"1": "0.7173112339", "0": "0.6482504604", "3": "0.7891344383", "2": "0.3093922652", "5": "0.0082872928", "4": "0.1104972376", "6": "0.0009208103"}, "23": {"1": 23, "0": 1086, "3": 166, "2": 846, "5": 1, "4": 50, "6": 0}, "1": {"1": 3982, "0": 4031, "3": 0, "2": 46, "5": 0, "4": 0, "7": 0, "6": 0, "9": 3, "8": 0}, "0": {"0": 4031}, "3": {"11": 9, "10": 97, "12": 0, "1": 1086, "0": 4031, "3": 1616, "2": 757, "5": 155, "4": 108, "7": 112, "6": 65, "9": 11, "8": 15}, "2": {"1": 3962, "0": 4031, "3": 22, "2": 31, "5": 1, "4": 15, "6": 0}, "5": {"1": 1779, "0": 4031, "3": 35, "2": 2125, "5": 6, "4": 66, "7": 18, "6": 2, "8": 0}, "4": {"1": 2013, "0": 4031, "2": 2018}, "7": {"1": 1345, "0": 1369, "3": 1, "2": 23}, "6": {"10": 5, "1": 772, "0": 4031, "3": 676, "2": 658, "5": 501, "4": 596, "7": 236, "6": 414, "9": 37, "8": 136}, "9": {"1": 899, "0": 1074, "3": 11, "2": 164, "4": 0}, "8": {"1": 1074, "0": 1345, "2": 271}, "11": {"1": 814, "0": 1074, "3": 0, "2": 147, "5": 86, "4": 7, "7": 8, "6": 7, "8": 5}, "10": {"1": 1029, "0": 1074, "3": 0, "2": 22, "5": 0, "4": 2, "7": 0, "6": 0, "9": 11, "8": 10}, "13": {"1": 548, "0": 1074, "3": 12, "2": 363, "5": 70, "4": 1, "7": 1, "6": 79}, "12": {"1": 774, "0": 1074, "3": 129, "2": 58, "5": 0, "4": 2, "7": 0, "6": 111}, "15": {"1": 1062, "0": 1074, "3": 0, "2": 12, "5": 0, "4": 0}, "14": {"10": 1, "1": 109, "0": 1074, "3": 239, "2": 153, "5": 170, "4": 270, "7": 31, "6": 86, "9": 4, "8": 11}, "17": {"11": 270, "10": 83, "12": 53, "1": 70, "0": 1074, "3": 76, "2": 61, "5": 65, "4": 57, "7": 42, "6": 40, "9": 111, "8": 146}, "16": {"10": 4, "1": 111, "0": 1074, "3": 231, "2": 134, "5": 221, "4": 210, "7": 39, "6": 102, "9": 11, "8": 11}, "19": {"1": 1007, "0": 1086, "3": 75, "2": 3, "5": 0, "4": 0, "6": 1}, "18": {"11": 0, "10": 0, "13": 14, "12": 1, "1": 5, "0": 1086, "3": 1, "2": 1, "5": 538, "4": 302, "7": 0, "6": 164, "9": 10, "8": 50}}, "8227015": {"24": {"1": 1074, "0": 1226, "3": 67, "2": 60, "5": 7, "4": 12, "6": 6}, "20": {"1": 1069, "0": 1226, "3": 156, "2": 0, "5": 0, "4": 1, "6": 0}, "21": {"1": 1104, "0": 1226, "3": 0, "2": 103, "5": 0, "4": 14, "6": 5}, "22": {"1": "0.7446982055", "0": "0.6068515498", "3": "0.7536704731", "2": "0.3588907015", "5": "0.0399673736", "4": "0.1264274062", "6": "0.0040783034"}, "23": {"1": 353, "0": 1226, "3": 184, "2": 640, "5": 0, "4": 40, "6": 9}, "1": {"1": 4510, "0": 4777, "3": 12, "2": 240, "5": 2, "4": 12, "7": 0, "6": 1, "9": 0, "8": 0}, "0": {"0": 4777}, "3": {"11": 15, "10": 452, "12": 0, "1": 1226, "0": 4777, "3": 1672, "2": 844, "5": 194, "4": 119, "7": 141, "6": 67, "9": 18, "8": 29}, "2": {"1": 4490, "0": 4777, "3": 14, "2": 227, "5": 21, "4": 25, "6": 0}, "5": {"1": 2097, "0": 4777, "3": 67, "2": 2410, "5": 18, "4": 145, "7": 29, "6": 11, "8": 0}, "4": {"1": 2612, "0": 4777, "2": 2165}, "7": {"1": 1496, "0": 1592, "3": 11, "2": 85}, "6": {"10": 7, "1": 748, "0": 4777, "3": 836, "2": 728, "5": 622, "4": 768, "7": 312, "6": 563, "9": 46, "8": 147}, "9": {"1": 1073, "0": 1213, "3": 7, "2": 133, "4": 0}, "8": {"1": 1213, "0": 1496, "2": 283}, "11": {"1": 977, "0": 1213, "3": 0, "2": 162, "5": 54, "4": 2, "7": 15, "6": 0, "8": 3}, "10": {"1": 1080, "0": 1213, "3": 2, "2": 81, "5": 1, "4": 0, "7": 4, "6": 0, "9": 26, "8": 19}, "13": {"1": 509, "0": 1213, "3": 32, "2": 565, "5": 81, "4": 1, "7": 0, "6": 25}, "12": {"1": 862, "0": 1213, "3": 78, "2": 119, "5": 3, "4": 0, "7": 0, "6": 151}, "15": {"1": 1204, "0": 1213, "3": 0, "2": 7, "5": 0, "4": 2}, "14": {"10": 5, "1": 139, "0": 1213, "3": 265, "2": 190, "5": 198,