{"5312045": {"24": {"1": 64, "0": 84, "3": 0, "2": 2, "5": 18, "4": 0, "6": 0}, "20": {"1": 0, "0": 84, "3": 84, "2": 0, "5": 0, "4": 0, "6": 0}, "21": {"1": 11, "0": 84, "3": 0, "2": 0, "5": 0, "4": 20, "6": 53}, "22": {"1": "0.0238095238", "0": "0.130952381", "3": "0.4523809524", "2": "0.0357142857", "5": 0, "4": 0, "6": 0}, "23": {"1": 1, "0": 84, "3": 15, "2": 68, "5": 0, "4": 0, "6": 0}, "1": {"1": 151, "0": 214, "3": 0, "2": 63, "5": 0, "4": 0, "7": 0, "6": 0, "9": 0, "8": 0}, "0": {"0": 214}, "3": {"11": 0, "10": 1, "12": 0, "1": 84, "0": 214, "3": 78, "2": 47, "5": 1, "4": 0, "7": 1, "6": 2, "9": 0, "8": 0}, "2": {"1": 150, "0": 214, "3": 0, "2": 61, "5": 1, "4": 2, "6": 0}, "5": {"1": 78, "0": 214, "3": 6, "2": 116, "5": 1, "4": 9, "7": 3, "6": 1, "8": 0}, "4": {"1": 115, "0": 214, "2": 99}, "7": {"1": 119, "0": 119, "3": 0, "2": 0}, "6": {"10": 0, "1": 31, "0": 214, "3": 36, "2": 28, "5": 37, "4": 25, "7": 20, "6": 29, "9": 0, "8": 8}, "9": {"1": 5, "0": 84, "3": 6, "2": 73, "4": 0}, "8": {"1": 84, "0": 119, "2": 35}, "11": {"1": 2, "0": 84, "3": 0, "2": 3, "5": 26, "4": 1, "7": 36, "6": 16, "8": 0}, "10": {"1": 81, "0": 84, "3": 0, "2": 0, "5": 0, "4": 0, "7": 0, "6": 0, "9": 3, "8": 0}, "13": {"1": 4, "0": 84, "3": 0, "2": 0, "5": 65, "4": 4, "7": 0, "6": 11}, "12": {"1": 63, "0": 84, "3": 16, "2": 0, "5": 0, "4": 1, "7": 0, "6": 4}, "15": {"1": 84, "0": 84, "3": 0, "2": 0, "5": 0, "4": 0}, "14": {"10": 0, "1": 28, "0": 84, "3": 16, "2": 20, "5": 10, "4": 7, "7": 0, "6": 2, "9": 0, "8": 1}, "17": {"11": 0, "10": 0, "12": 0, "1": 20, "0": 84, "3": 35, "2": 29, "5": 0, "4": 0, "7": 0, "6": 0, "9": 0, "8": 0}, "16": {"10": 0, "1": 64, "0": 84, "3": 8, "2": 10, "5": 0, "4": 2, "7": 0, "6": 0, "9": 0, "8": 0}, "19": {"1": 84, "0": 84, "3": 0, "2": 0, "5": 0, "4": 0, "6": 0}, "18": {"11": 0, "10": 5, "13": 0, "12": 0, "1": 0, "0": 84, "3": 9, "2": 32, "5": 0, "4": 0, "7": 0, "6": 2, "9": 31, "8": 5}}, "5312040": {"24": {"1": 159, "0": 181, "3": 1, "2": 0, "5": 0, "4": 15, "6": 6}, "20": {"1": 54, "0": 181, "3": 127, "2": 0, "5": 0, "4": 0, "6": 0}, "21": {"1": 163, "0": 181, "3": 5, "2": 0, "5": 0, "4": 1, "6": 12}, "22": {"1": "0.226519337", "0": "0.3314917127", "3": "0.7016574586", "2": "0.1160220994", "5": 0, "4": 0, "6": 0}, "23": {"1": 1, "0": 181, "3": 43, "2": 101, "5": 0, "4": 35, "6": 1}, "1": {"1": 178, "0": 490, "3": 0, "2": 0, "5": 1, "4": 311, "7": 0, "6": 0, "9": 0, "8": 0}, "0": {"0": 490}, "3": {"11": 1, "10": 8, "12": 0, "1": 181, "0": 490, "3": 143, "2": 101, "5": 32, "4": 7, "7": 13, "6": 4, "9": 0, "8": 0}, "2": {"1": 178, "0": 490, "3": 311, "2": 1, "5": 0, "4": 0, "6": 0}, "5": {"1": 176, "0": 490, "3": 29, "2": 265, "5": 2, "4": 17, "7": 1, "6": 0, "8": 0}, "4": {"1": 276, "0": 490, "2": 214}, "7": {"1": 286, "0": 287, "3": 0, "2": 1}, "6": {"10": 0, "1": 82, "0": 490, "3": 58, "2": 73, "5": 91, "4": 51, "7": 39, "6": 78, "9": 5, "8": 13}, "9": {"1": 94, "0": 178, "3": 9, "2": 75, "4": 0}, "8": {"1": 178, "0": 286, "2": 108}, "11": {"1": 49, "0": 178, "3": 0, "2": 77, "5": 30, "4": 5, "7": 13, "6": 0, "8": 4}, "10": {"1": 178, "0": 178, "3": 0, "2": 0, "5": 0, "4": 0, "7": 0, "6": 0, "9": 0, "8": 0}, "13": {"1": 85, "0": 178, "3": 0, "2": 14, "5": 51, "4": 1, "7": 1, "6": 26}, "12": {"1": 130, "0": 178, "3": 47, "2": 0, "5": 0, "4": 1, "7": 0, "6": 0}, "15": {"1": 175, "0": 178, "3": 0, "2": 3, "5": 0, "4": 0}, "14": {"10": 1, "1": 47, "0": 178, "3": 36, "2": 51, "5": 13, "4": 17, "7": 4, "6": 6, "9": 0, "8": 3}, "17": {"11": 0, "10": 0, "12": 2, "1": 15, "0": 178, "3": 51, "2": 15, "5": 13, "4": 64, "7": 6, "6": 7, "9": 0, "8": 5}, "16": {"10": 0, "1": 65, "0": 178, "3": 7, "2": 20, "5": 0, "4": 86, "7": 0, "6": 0, "9": 0, "8": 0}, "19": {"1": 180, "0": 181, "3": 0, "2": 1, "5": 0, "4": 0, "6": 0}, "18": {"11": 0, "10": 1, "13": 3, "12": 0, "1": 21, "0": 181, "3": 24, "2": 132, "5": 0, "4": 0, "7": 0, "6": 0, "9": 0, "8": 0}}, "5312050": {"24": {"1": 41, "0": 50, "3": 4, "2": 2, "5": 1, "4": 2, "6": 0}, "20": {"1": 14, "0": 50, "3": 36, "2": 0, "5": 0, "4": 0, "6": 0}, "21": {"1": 18, "0": 50, "3": 7, "2": 16, "5": 0, "4": 0, "6": 9}, "22": {"1": "0.16", "0": "0.52", "3": "0.74", "2": "0.12", "5": 0, "4": "0.02", "6": 0}, "23": {"1": 26, "0": 50, "3": 2, "2": 15, "5": 6, "4": 1, "6": 0}, "1": {"1": 125, "0": 241, "3": 0, "2": 115, "5": 0, "4": 1, "7": 0, "6": 0, "9": 0, "8": 0}, "0": {"0": 241}, "3": {"11": 1, "10": 94, "12": 0, "1": 50, "0": 241, "3": 50, "2": 32, "5": 6, "4": 1, "7": 5, "6": 2, "9": 0, "8": 0}, "2": {"1": 121, "0": 241, "3": 3, "2": 94, "5": 4, "4": 19, "6": 0}, "5": {"1": 77, "0": 241, "3": 15, "2": 138, "5": 0, "4": 9, "7": 1, "6": 1, "8": 0}, "4": {"1": 162, "0": 241, "2": 79}, "7": {"1": 76, "0": 79, "3": 0, "2": 3}, "6": {"10": 3, "1": 32, "0": 241, "3": 27, "2": 17, "5": 67, "4": 52, "7": 6, "6": 30, "9": 1, "8": 6}, "9": {"1": 18, "0": 48, "3": 1, "2": 29, "4": 0}, "8": {"1": 48, "0": 76, "2": 28}, "11": {"1": 9, "0": 48, "3": 0, "2": 20, "5": 1, "4": 0, "7": 17, "6": 0, "8": 1}, "10": {"1": 33, "0": 48, "3": 0, "2": 1, "5": 0, "4": 0, "7": 4, "6": 0, "9": 10, "8": 0}, "13": {"1": 12, "0": 48, "3": 0, "2": 10, "5": 25, "4": 0, "7": 1, "6": 0}, "12": {"1": 42, "0": 48, "3": 6, "2": 0, "5": 0, "4": 0, "7": 0, "6": 0}, "15": {"1": 46, "0": 48, "3": 0, "2": 2, "5": 0, "4": 0}, "14": {"10": 1, "1": 9, "0": 48, "3": 9, "2": 13, "5": 5, "4": 9, "7": 1, "6": 1, "9": 0, "8": 0}, "17": {"11": 1, "10": 0, "12": 0, "1": 8, "0": 48, "3": 4, "2": 21, "5": 2, "4": 2, "7": 1, "6": 4, "9": 0, "8": 5}, "16": {"10": 0, "1": 19, "0": 48, "3": 3, "2": 6, "5": 6, "4": 13, "7": 0, "6": 1, "9": 0, "8": 0}, "19": {"1": 45, "0": 50, "3": 0, "2": 1, "5": 0, "4": 4, "6": 0}, "18": {"11": 0, "10": 1, "13": 1, "12": 0, "1": 26, "0": 50, "3": 2, "2": 15, "5": 0, "4": 1, "7": 0, "6": 1, "9": 3, "8": 0}}, "5312010": {"24": {"1": 368, "0": 492, "3": 4, "2": 5, "5": 8, "4": 88, "6": 19}, "20": {"1": 396, "0": 492, "3": 95, "2": 0, "5": 0, "4": 1, "6": 0}, "21": {"1": 434, "0": 492, "3": 7, "2": 0, "5": 1, "4": 26, "6": 24}, "22": {"1": "0.7479674797", "0": "0.5975609756", "3": "0.7296747967", "2": "0.4308943089", "5": "0.0040650407", "4": "0.0426829268", "6": 0}, "23": {"1": 0, "0": 492, "3": 42, "2": 433, "5": 0, "4": 17, "6": 0}, "1": {"1": 1839, "0": 1846, "3": 0, "2": 6, "5": 0, "4": 1, "7": 0, "6": 0, "9": 0, "8": 0}, "0": {"0": 1846}, "3": {"11": 4, "10": 73, "12": 0, "1": 492, "0": 1846, "3": 736, "2": 346, "5": 71, "4": 49, "7": 44, "6": 30, "9": 1, "8": 0}, "2": {"1": 1832, "0": 1846, "3": 1, "2": 0, "5": 5, "4": 8, "6": 0}, "5": {"1": 807, "0": 1846, "3": 27, "2": 923, "5": 3, "4": 71, "7": 13, "6": 2, "8": 0}, "4": {"1": 937, "0": 1846, "2": 909}, "7": {"1": 591, "0": 596, "3": 0, "2": 5}, "6": {"10": 3, "1": 381, "0": 1846, "3": 304, "2": 324, "5": 208, "4": 322, "7": 84, "6": 177, "9": 9, "8": 34}, "9": {"1": 378, "0": 490, "3": 2, "2": 110, "4": 0}, "8": {"1": 490, "0": 591, "2": 101}, "11": {"1": 389, "0": 490, "3": 0, "2": 27, "5": 64, "4": 5, "7": 4, "6": 1, "8": 0}, "10": {"1": 488, "0": 490, "3": 0, "2": 1, "5": 0, "4": 0, "7": 0, "6": 0, "9": 1, "8": 0}, "13": {"1": 260, "0": 490, "3": 2, "2": 151, "5": 69, "4": 1, "7": 0, "6": 7}, "12": {"1": 373, "0": 490, "3": 52, "2": 5, "5": 3, "4": 1, "7": 1, "6": 55}, "15": {"1": 488, "0": 490, "3": 0, "2": 2, "5": 0, "4": 0}, "14": {"10": 0, "1": 30, "0": 490, "3": 110, "2": 78, "5": 92, "4": 147, "7": 6, "6": 24, "9": 3, "8": 0}, "17": {"11": 21, "10": 21, "12": 1, "1": 25, "0": 490, "3": 35, "2": 25, "5": 60, "4": 38, "7": 43, "6": 34, "9": 68, "8": 119}, "16": {"10": 0, "1": 50, "0": 490, "3": 79, "2": 33, "5": 95, "4": 147, "7": 16, "6": 64, "9": 0, "8": 6}, "19": {"1": 485, "0": 492, "3": 7, "2": 0, "5": 0, "4": 0, "6": 0}, "18": {"11": 0, "10": 1, "13": 1, "12": 0, "1": 192, "0": 492, "3": 22, "2": 265, "5": 1, "4": 0, "7": 0, "6": 1, "9": 0, "8": 9}}, "5312005": {"24": {"1": 504, "0": 518, "3": 2, "2": 3, "5": 0, "4": 8, "6": 1}, "20": {"1": 418, "0": 518,