{"4142025": {"24": {"1": 137, "0": 152, "3": 1, "2": 4, "5": 0, "4": 9, "6": 1}, "20": {"1": 67, "0": 152, "3": 81, "2": 0, "5": 0, "4": 4, "6": 0}, "21": {"1": 150, "0": 152, "3": 0, "2": 0, "5": 0, "4": 0, "6": 2}, "22": {"1": "0.3881578947", "0": "0.7763157895", "3": "0.6381578947", "2": "0.4802631579", "5": "0.0197368421", "4": "0.0328947368", "6": 0}, "23": {"1": 0, "0": 152, "3": 2, "2": 149, "5": 1, "4": 0, "6": 0}, "1": {"1": 0, "0": 576, "3": 1, "2": 575, "5": 0, "4": 0, "7": 0, "6": 0, "9": 0, "8": 0}, "0": {"0": 576}, "3": {"11": 0, "10": 0, "12": 0, "1": 152, "0": 576, "3": 285, "2": 114, "5": 3, "4": 1, "7": 17, "6": 4, "9": 0, "8": 0}, "2": {"1": 0, "0": 576, "3": 0, "2": 155, "5": 47, "4": 374, "6": 0}, "5": {"1": 294, "0": 576, "3": 6, "2": 242, "5": 0, "4": 30, "7": 4, "6": 0, "8": 0}, "4": {"1": 278, "0": 576, "2": 298}, "7": {"1": 206, "0": 206, "3": 0, "2": 0}, "6": {"10": 0, "1": 84, "0": 576, "3": 104, "2": 123, "5": 59, "4": 79, "7": 41, "6": 63, "9": 5, "8": 18}, "9": {"1": 112, "0": 152, "3": 9, "2": 31, "4": 0}, "8": {"1": 152, "0": 206, "2": 54}, "11": {"1": 4, "0": 152, "3": 0, "2": 115, "5": 8, "4": 0, "7": 7, "6": 15, "8": 3}, "10": {"1": 150, "0": 152, "3": 0, "2": 0, "5": 0, "4": 0, "7": 0, "6": 0, "9": 2, "8": 0}, "13": {"1": 23, "0": 152, "3": 0, "2": 88, "5": 9, "4": 2, "7": 0, "6": 30}, "12": {"1": 132, "0": 152, "3": 11, "2": 6, "5": 3, "4": 0, "7": 0, "6": 0}, "15": {"1": 152, "0": 152, "3": 0, "2": 0, "5": 0, "4": 0}, "14": {"10": 0, "1": 17, "0": 152, "3": 27, "2": 32, "5": 25, "4": 18, "7": 12, "6": 18, "9": 1, "8": 2}, "17": {"11": 16, "10": 17, "12": 19, "1": 11, "0": 152, "3": 6, "2": 8, "5": 5, "4": 5, "7": 10, "6": 4, "9": 18, "8": 33}, "16": {"10": 0, "1": 40, "0": 152, "3": 33, "2": 5, "5": 14, "4": 53, "7": 2, "6": 5, "9": 0, "8": 0}, "19": {"1": 152, "0": 152, "3": 0, "2": 0, "5": 0, "4": 0, "6": 0}, "18": {"11": 0, "10": 0, "13": 0, "12": 0, "1": 0, "0": 152, "3": 0, "2": 0, "5": 3, "4": 0, "7": 0, "6": 149, "9": 0, "8": 0}}, "4142010": {"24": {"1": 71, "0": 108, "3": 0, "2": 6, "5": 0, "4": 31, "6": 0}, "20": {"1": 10, "0": 108, "3": 85, "2": 0, "5": 0, "4": 13, "6": 0}, "21": {"1": 81, "0": 108, "3": 0, "2": 0, "5": 0, "4": 1, "6": 26}, "22": {"1": "0.1296296296", "0": "0.5462962963", "3": "0.6759259259", "2": "0.5277777778", "5": 0, "4": 0, "6": 0}, "23": {"1": 0, "0": 108, "3": 0, "2": 108, "5": 0, "4": 0, "6": 0}, "1": {"1": 1, "0": 428, "3": 1, "2": 426, "5": 0, "4": 0, "7": 0, "6": 0, "9": 0, "8": 0}, "0": {"0": 428}, "3": {"11": 1, "10": 1, "12": 0, "1": 108, "0": 428, "3": 203, "2": 73, "5": 11, "4": 1, "7": 20, "6": 10, "9": 0, "8": 0}, "2": {"1": 1, "0": 428, "3": 0, "2": 410, "5": 5, "4": 12, "6": 0}, "5": {"1": 217, "0": 428, "3": 10, "2": 157, "5": 1, "4": 35, "7": 5, "6": 3, "8": 0}, "4": {"1": 208, "0": 428, "2": 220}, "7": {"1": 179, "0": 180, "3": 0, "2": 1}, "6": {"10": 0, "1": 73, "0": 428, "3": 64, "2": 64, "5": 47, "4": 65, "7": 38, "6": 47, "9": 2, "8": 28}, "9": {"1": 63, "0": 108, "3": 1, "2": 44, "4": 0}, "8": {"1": 108, "0": 179, "2": 71}, "11": {"1": 0, "0": 108, "3": 1, "2": 64, "5": 12, "4": 0, "7": 5, "6": 0, "8": 26}, "10": {"1": 107, "0": 108, "3": 0, "2": 0, "5": 0, "4": 0, "7": 0, "6": 0, "9": 1, "8": 0}, "13": {"1": 59, "0": 108, "3": 0, "2": 29, "5": 4, "4": 0, "7": 0, "6": 16}, "12": {"1": 96, "0": 108, "3": 12, "2": 0, "5": 0, "4": 0, "7": 0, "6": 0}, "15": {"1": 108, "0": 108, "3": 0, "2": 0, "5": 0, "4": 0}, "14": {"10": 1, "1": 8, "0": 108, "3": 19, "2": 20, "5": 14, "4": 23, "7": 6, "6": 14, "9": 0, "8": 3}, "17": {"11": 14, "10": 2, "12": 34, "1": 22, "0": 108, "3": 7, "2": 4, "5": 1, "4": 4, "7": 3, "6": 2, "9": 7, "8": 8}, "16": {"10": 0, "1": 8, "0": 108, "3": 50, "2": 13, "5": 2, "4": 34, "7": 0, "6": 1, "9": 0, "8": 0}, "19": {"1": 103, "0": 108, "3": 0, "2": 5, "5": 0, "4": 0, "6": 0}, "18": {"11": 0, "10": 0, "13": 0, "12": 0, "1": 5, "0": 108, "3": 0, "2": 103, "5": 0, "4": 0, "7": 0, "6": 0, "9": 0, "8": 0}}, "4142015": {"24": {"1": 161, "0": 208, "3": 0, "2": 1, "5": 0, "4": 46, "6": 0}, "20": {"1": 47, "0": 208, "3": 157, "2": 0, "5": 0, "4": 2, "6": 2}, "21": {"1": 194, "0": 208, "3": 0, "2": 0, "5": 0, "4": 0, "6": 14}, "22": {"1": "0.2307692308", "0": "0.6682692308", "3": "0.7403846154", "2": "0.3028846154", "5": "0.0096153846", "4": "0.0048076923", "6": 0}, "23": {"1": 0, "0": 208, "3": 11, "2": 197, "5": 0, "4": 0, "6": 0}, "1": {"1": 37, "0": 898, "3": 0, "2": 861, "5": 0, "4": 0, "7": 0, "6": 0, "9": 0, "8": 0}, "0": {"0": 898}, "3": {"11": 0, "10": 42, "12": 0, "1": 208, "0": 898, "3": 419, "2": 139, "5": 21, "4": 12, "7": 46, "6": 11, "9": 0, "8": 0}, "2": {"1": 38, "0": 898, "3": 0, "2": 5, "5": 122, "4": 733, "6": 0}, "5": {"1": 464, "0": 898, "3": 15, "2": 374, "5": 0, "4": 33, "7": 11, "6": 1, "8": 0}, "4": {"1": 431, "0": 898, "2": 467}, "7": {"1": 267, "0": 268, "3": 0, "2": 1}, "6": {"10": 0, "1": 138, "0": 898, "3": 161, "2": 188, "5": 97, "4": 135, "7": 62, "6": 76, "9": 4, "8": 37}, "9": {"1": 154, "0": 201, "3": 12, "2": 35, "4": 0}, "8": {"1": 201, "0": 267, "2": 66}, "11": {"1": 0, "0": 201, "3": 0, "2": 167, "5": 7, "4": 2, "7": 3, "6": 13, "8": 9}, "10": {"1": 201, "0": 201, "3": 0, "2": 0, "5": 0, "4": 0, "7": 0, "6": 0, "9": 0, "8": 0}, "13": {"1": 56, "0": 201, "3": 1, "2": 115, "5": 3, "4": 0, "7": 0, "6": 26}, "12": {"1": 163, "0": 201, "3": 29, "2": 5, "5": 3, "4": 0, "7": 0, "6": 1}, "15": {"1": 195, "0": 201, "3": 1, "2": 5, "5": 0, "4": 0}, "14": {"10": 2, "1": 13, "0": 201, "3": 27, "2": 31, "5": 41, "4": 41, "7": 16, "6": 22, "9": 4, "8": 4}, "17": {"11": 12, "10": 10, "12": 64, "1": 49, "0": 201, "3": 8, "2": 12, "5": 3, "4": 4, "7": 4, "6": 1, "9": 10, "8": 24}, "16": {"10": 0, "1": 20, "0": 201, "3": 68, "2": 33, "5": 18, "4": 58, "7": 0, "6": 4, "9": 0, "8": 0}, "19": {"1": 205, "0": 208, "3": 1, "2": 1, "5": 0, "4": 1, "6": 0}, "18": {"11": 0, "10": 0, "13": 0, "12": 0, "1": 0, "0": 208, "3": 0, "2": 22, "5": 6, "4": 1, "7": 0, "6": 179, "9": 0, "8": 0}}, "4142030": {"24": {"1": 118, "0": 132, "3": 2, "2": 1, "5": 0, "4": 11, "6": 0}, "20": {"1": 20, "0": 132, "3": 105, "2": 0, "5": 0, "4": 7, "6": 0}, "21": {"1": 120, "0": 132, "3": 0, "2": 0, "5": 0, "4": 0, "6": 12}, "22": {"1": "0.1515151515", "0": "0.5378787879", "3": "0.6363636364", "2": "0.1515151515", "5": "0.0227272727", "4": 0, "6": 0}, "23": {"1": 3, "0": 132, "3": 13, "2": 115, "5": 0, "4": 1, "6": 0}, "1": {"1": 0, "0": 539, "3": 0, "2": 539, "5": 0, "4": 0, "7": 0, "6": 0, "9": 0, "8": 0}, "0": {"0": 539}, "3": {"11": 0, "10": 0, "12": 0, "1": 132, "0": 539, "3": 258, "2": 87, "5": 6, "4": 5, "7": 27, "6": 24, "9": 0, "8": 0}, "2": {"1": 0, "0": 539, "3": 0, "2": 249, "5": 40, "4": 250, "6": 0}, "5": {"1": 275, "0": 539, "3": 13, "2": 210, "5": 0, "4": 34, "7": 5, "6": 2, "8": 0}, "4": {"1": 278, "0": 539, "2": 261}, "7": {"1": 183, "0": 183, "3": 0, "2": 0}, "6": {"10": 2, "1": 67, "0": 539, "3": 77, "2": 131, "5": 68, "4": 63, "7": 41, "6": 54, "9": 11, "8": 25}, "9": {"1": 92, "0": 131, "3": 5, "2": 34, "4": 0}, "8": {"1": 131, "0": 183, "2": 52}, "11": {"1": 0, "0": 131, "3": 0, "2": 100, "5": 8, "4": 0, "7": 5, "6": 5, "8": 13}, "10": {"1": 125, "0": 131, "3": 0, "2": 0, "5": 0, "4": 0, "7": 0, "6": 0, "9": 6, "8": 0}, "13": {"1": 39, "0": 131, "3": 0, "2": 65, "5": 3, "4": 0, "7": 0, "6": 24}, "12": {"1": 117, "0": 131, "3": 14, "2": 0, "5": 0, "4": 0, "7": 0, "6": 0}, "15": {"1": 130, "0": 131, "3": 0, "2": 1, "5": 0, "4": 0}, "14": {"10": 2, "1": 12, "0": 131, "3": 25, "2": 21, "5": 25, "4": 18, "7": 12, "6": 11, "9": 3, "8": 2}, "17": {"11": 8, "10": 3, "12": 41, "1": 32, "0": 131, "3": 2, "2": 3, "5": 5, "4": 4, "7": 9, "6": 5, "9": 4, "8": 15}, "16": {"10": 0, "1": 11, "0": 131, "3": 71, "2": 3, "5": 1, "4": 45, "7": 0, "6": 0, "9": 0, "8": 0}, "19": {"1": 131, "0": 132, "3": 0, "2": 1, "5": 0, "4": 0, "6": 0}, "18": {"11": 0, "10": 0, "13": 0, "12": 0, "1": 2, "0": 132, "3": 0, "2": 30, "5": 3, "4": 0, "7": 0, "6": 97, "9": 0,